{"cluster.json": {"euclidean": {"sim": [12.303093696920525, 11.627145461753713, 11.838630678224677, 13.867736219287233, 9.56656702267963, 0, 13.364945761801568, 12.719780046091447], "dissim": [26.067728780377063, 25.426990189956058, 30.172294918694206, 26.31598928816154, 31.949437663922623, 30.126350137502424, 28.160380848004262, 26.099513712814222, 32.92048313292659, 23.59201682623714, 30.75932922206781, 32.13996578169997, 26.592375437884378, 29.19313070807213, 28.340212125129828, 30.465614967669765, 30.154632211449425, 29.519300871983152, 36.29709725535884, 32.304408259613375, 30.2665743469196, 34.1149901860279, 34.09474756926709, 34.33175536990502, 25.30863032555322, 31.93598632464853, 30.311591934536917, 32.84408233328088]}}, "cluster_title.json": {"euclidean": {"sim": [12.607340658988116, 13.330567331217036, 8.548201687172215, 12.592151038556933, 13.346409804144722, 7.261798986357462, 10.890465939030811, 11.736138383460803], "dissim": [32.37023876444575, 33.657722347742016, 29.64342073209958, 29.720030256573107, 29.808653685248697, 32.43764347745168, 30.37240846982588, 29.480320405704276, 30.292528432358637, 30.933628243856116, 29.74717211647398, 26.610148052883794, 27.228335466282232, 28.5502739651345, 30.341989332452236, 27.61366405694054, 26.474250778257808, 26.755823899803694, 28.96368288179998, 26.92786272745199, 29.74848020598216, 26.282260331389516, 26.36769360819888, 28.427772466429577, 28.273101874588924, 28.001584787669678, 26.191555426066955, 24.407901519515974]}}}