{"3000_\u4e16\u754c\u885b\u751f\u7d44\u7e54_kmean_n10.json": {"euclidean": {"sim": [11.896106359737297, 13.131763795081987, 10.188483933941724, 11.752880214068073, 10.507091357286459, 12.29867413431569, 10.268682161434457, 9.475917526173014, 11.059908196676195, 0], "dissim": [32.55684167173009, 24.24155335621148, 33.86832414182647, 24.89654500815493, 27.156106833854302, 26.544362117188218, 26.302949942330056, 32.32715614311552, 30.16514924631366, 36.23775523328726, 28.51421022260643, 28.63302865807634, 29.590090091597304, 32.36925879331515, 34.63446486617018, 27.18412357669114, 32.15880163137127, 37.989952272561055, 25.24327202091673, 27.414458873577804, 24.972062479363654, 21.758115971250422, 37.179044881446806, 33.32967879099722, 31.286836295798654, 32.09189291496638, 35.69050098033869, 38.116128840931516, 26.185070374225912, 33.915563409579555, 26.077191918288687, 23.867551557948048, 24.37009673438751, 30.29777882032105, 32.38381463800758, 28.7874904776597, 26.319872602405578, 31.474205328000078, 29.02541283215605, 24.188175748901333, 35.17560762878462, 34.87243267436064, 37.79914965188863, 34.43296657090325, 32.415035063150206]}}, "3000_\u4e16\u754c\u885b\u751f\u7d44\u7e54_kmean_n15.json": {"euclidean": {"sim": [10.525196140456798, 9.863853707683617, 9.99731267691878, 10.083249601325576, 12.239423746468544, 10.268682161434457, 12.52608998008447, 10.633799954255624, 12.09337364676898, 10.710224203421149, 10.476473818412938, 11.095688014998897, 8.868469071449095, 0, 8.781279142508058], "dissim": [32.812264066437855, 25.39222828439329, 25.954330032311315, 25.991266287749145, 24.747646567068426, 32.21998467241386, 22.99265389679478, 28.42038127043945, 28.054620564269058, 22.671372340490997, 34.46043747003138, 22.362205469269437, 30.405476885380622, 25.236948916088306, 37.188043860062386, 30.630639479978218, 31.9273134720876, 35.49847653856006, 27.207965495039108, 38.502888108461285, 26.75046468520072, 27.644755033736285, 30.879610196302252, 24.996479362978555, 37.64049317075096, 33.216719043316566, 38.451520809980366, 31.41301964197421, 25.768782239392994, 24.81503748694654, 34.753962380566875, 24.61836032696078, 30.87441456554395, 28.95845563857707, 24.51132235692127, 38.014816402745, 20.689060116907516, 33.9640064838589, 29.225203845477097, 27.196332625913975, 31.10886267068992, 29.958708758663118, 29.39121703394865, 29.824464843451594, 29.589791608009588, 27.585699043513838, 31.972769951906262, 30.127617093867485, 27.263350245951766, 29.775000483805627, 28.932024464112022, 30.417959202754297, 27.936034733413912, 29.182510574384175, 26.31553709663011, 26.154334143430663, 33.45470538377402, 26.37124530196591, 28.56892226199891, 31.17306963371229, 33.63380089289607, 26.184234957302728, 29.325578218621644, 30.23019688720709, 24.000059843728273, 36.42486109658339, 23.072153511320842, 34.87243267436064, 27.50390706457497, 37.24634106014955, 28.429461547290277, 28.75679833573592, 30.493855929005104, 26.636830732207823, 35.86458116423515, 31.244593739643943, 38.137826413431185, 33.637873405935444, 32.13291284838495, 25.329769679930088, 39.40273336072633, 20.82478971545812, 33.29741451742123, 24.765128016225354, 26.54378619136862, 26.621220150560667, 29.320056977803656, 31.892576064017582, 31.763380628919453, 34.26019962470717, 26.6620539994794, 28.50955210004125, 29.918900901148415, 31.041873431854643, 35.27487973066994, 31.6150522586995, 22.853832012973662, 31.96809739077641, 26.705966247242827, 38.59695593453444, 34.64330698237533, 39.531244351932266, 34.22581039425981, 25.14611251530826, 35.01610752607422]}}, "3000_\u4e16\u754c\u885b\u751f\u7d44\u7e54_kmean_n20.json": {"euclidean": {"sim": [0.0, 10.954392839641454, 9.804867440298565, 11.342561643890644, 8.981014670354464, 0, 11.989322186304756, 10.014597852351969, 11.857462362150729, 12.713036895817812, 10.314417716222039, 8.750360818002532, 11.026757290013151, 10.899700169983515, 10.438476821700666, 9.734241354046503, 10.675961916064422, 11.345420286799415, 8.835181868173255, 0], "dissim": [36.19296239518636, 33.970218255343525, 35.51868890987242, 36.886335762957266, 29.17868037099608, 30.8872951171613, 23.883099413185384, 31.08296994350437, 24.67532242624038, 24.86369815902888, 37.9663337236597, 31.482170772278774, 31.94137776527061, 29.328615618626046, 36.89645870669816, 26.019769037413965, 29.498006728100528, 36.99602084979939, 27.35127567202993, 27.56366845748833, 24.13609581733282, 23.663261077174617, 37.30962104328577, 30.341883160847644, 40.849789822073525, 31.350701188779404, 36.286576461272006, 33.23532430445674, 24.57010747967197, 28.95738062109868, 25.18041585910349, 26.226337024978516, 27.159049554672244, 35.811721554642205, 30.295205183855252, 23.210413818457475, 38.369113317246715, 24.633462918386577, 21.679792374687693, 30.406534101681274, 25.90148592381438, 36.7451293298976, 30.05123301322043, 31.603890833163554, 30.760887828729672, 29.93903976996065, 26.118419321608723, 24.65358576814987, 23.143211851014758, 22.118477793709122, 31.098655260194995, 24.219611310143822, 23.03057379778055, 31.64555391975842, 22.35127020526531, 36.58360909701598, 28.67185808000019, 38.91151374455893, 28.511602939074212, 34.054944552485715, 32.202273063871424, 25.083520852195626, 26.278170840659918, 23.204990137854985, 24.915752233115438, 24.62627234543952, 34.126913773905954, 27.293967435139308, 20.96359340769117, 36.11253699364629, 36.491681063787986, 28.15454552694269, 40.82148535768124, 32.077876063607725, 36.0688508093034, 33.93148365474524, 26.162362670659107, 26.38461815406257, 24.154877773913373, 24.447326255920753, 20.35397446616433, 35.11888973066365, 26.621656143700942, 19.029242571493366, 37.987802726487146, 32.13452647999575, 31.43736231664385, 35.08804187395447, 28.69849418735697, 30.35106913658925, 40.063501392740875, 35.86305048746404, 33.676229382830286, 28.067066725646903, 35.845375983426024, 30.388624635742488, 32.12019835458621, 38.27457617216885, 27.148943089505785, 35.1150697178521, 27.318379077457447, 31.142575106188172, 28.9682186969267, 30.90181466167884, 25.045561455890127, 28.034653806052596, 27.28653011229042, 27.61753693363076, 29.133273716085956, 26.042745384667366, 28.312516344618597, 29.373406531952615, 33.91071481903709, 27.073142001027332, 24.509810415047028, 42.29605391554086, 36.44410830737742, 35.51420552457532, 32.3089950725623, 40.74793434450914, 26.018474041921866, 31.749452788983746, 40.45612555895932, 29.0368738372267, 30.36083145657542, 29.46462768573962, 31.154088458689188, 26.99571440712687, 27.894229143731593, 28.84424088371477, 32.56598106671136, 30.408580696960026, 28.261318590857307, 30.15956240349591, 30.023378617804905, 27.0105403792788, 37.188002321406294, 31.31374383435965, 30.43828897193437, 28.461022807125886, 35.99549500713512, 28.253321251609457, 27.90853139250838, 35.500040970975974, 27.549302543445556, 35.362630167358574, 30.89106978183872, 29.803520896752524, 26.895070294280465, 34.742012819772086, 24.66295363290004, 27.65853899062152, 33.35089168583797, 27.67626061970602, 28.045483865632487, 25.647671696110926, 28.789403556254413, 28.72067136328101, 37.63300841576202, 31.43044320247724, 24.275136232139452, 39.60793297253308, 26.505321591255267, 27.367815108045782, 25.600810936651733, 31.21366686778732, 25.090277529300437, 25.173385659195365, 33.65219324152863, 23.234653670652044, 26.292106266273855, 31.66024212376616, 25.63421696471026, 22.600513070299304, 33.648977227017134, 26.583772747080772, 29.085137297136857, 24.779861651658358, 24.781892574227836, 30.92371546466648, 35.02549838785152, 26.292357702818766, 21.69645477673066, 37.610341924125855, 28.61005121964128, 34.797689578323826, 26.902308024188983, 26.252283607733656, 31.41133520113944, 38.19661744145088]}}, "3000_\u4e16\u754c\u885b\u751f\u7d44\u7e54_kmean_n5.json": {"euclidean": {"sim": [12.964883364905035, 10.478849426904775, 11.310588173668135, 10.255765582067992, 12.985323239461536],