{"cluster.json": {"manhattan": {"sim": [68273.76187799995, 58818.79676299998, 3921.4430279999997, 6410.9846860000025, 13852.874653, 0, 22925.26753, 33449.64342399999], "dissim": [144403.465393, 38505.232075999986, 53335.302594999994, 79580.43588299998, 8007.686802000001, 98837.44243699998, 112990.86075600005, 37559.71658999999, 55591.82970700001, 68274.23467600001, 7410.518739000001, 100610.42000100008, 102214.70911399988, 13462.821409999999, 22253.507556000004, 1953.6001800000004, 25595.502153999994, 30713.751976000003, 33384.73112499999, 2435.856359, 30283.45960199999, 41705.988558, 4501.219754999998, 58743.89041299998, 53154.27194999995, 4556.632049, 5347.147564, 74969.98140599999]}, "euclidean": {"sim": [3112.682705320893, 2685.8706016651076, 177.57946017337014, 291.22246060503187, 631.3934234968556, 0, 1042.4657694205223, 1526.3736055309737], "dissim": [6595.135381435397, 1754.462323106968, 2428.8697409548836, 3631.606521766292, 367.4185331351102, 4503.889345556612, 5181.510076032784, 1722.5679050457386, 2534.8772012353475, 3114.146221063302, 338.3526214427459, 4596.015106783096, 4680.25807706765, 613.0557448695147, 1020.2476365046738, 91.3968449030093, 1176.0306562465275, 1416.9264418551913, 1524.4780847250713, 113.06542890864682, 1377.1291327848419, 1910.4394504175625, 204.56848541560257, 2677.876918852591, 2429.628511253109, 207.58391111021544, 242.49273547629534, 3415.7845626612116]}}, "cluster_title.json": {"manhattan": {"sim": [9912.388148000002, 13186.062728000004, 1125.9568850000003, 5797.832824, 30705.592605999987, 484.8547399999997, 40812.54205399999, 136224.75816400006], "dissim": [31590.44727800001, 13274.699254999996, 20280.844823999993, 43963.670863, 8752.501246, 60776.45896199999, 98248.75738799993, 12945.63245, 23301.916616000002, 50219.040264, 9784.038626, 55310.092973999985, 98720.819788, 8811.585689, 19619.207927, 3656.8127210000007, 22054.299951000008, 38915.409039, 33142.265393, 6235.625425999996, 43480.51046200001, 66723.85867, 12958.057110999998, 88655.22330899998, 152561.67367299998, 17439.417644000005, 28502.592468000013, 168241.53608400002]}, "euclidean": {"sim": [453.8642637235722, 599.8755299047666, 51.28921012303329, 264.4351718096956, 1401.3730294351958, 21.785396959072386, 1862.2696755742688, 6196.681066467304], "dissim": [1456.6607444000588, 605.8390022593563, 933.7677530611368, 2006.1020423186847, 402.4168247508574, 2773.4185173221185, 4510.3026577691435, 589.6064081140855, 1060.2384951325523, 2320.0221182892087, 446.2075817471097, 2527.9640650239603, 4492.675351936568, 399.703835511883, 910.2596799735671, 165.68198434164324, 1006.0215295737967, 1765.8843773870437, 1520.593351294499, 282.7425586382459, 1978.2739336978136, 3035.601068275489, 593.2731061844748, 4050.9575764662145, 6997.592713960758, 798.0451664485859, 1296.4819935903142, 7651.877126368258]}}}